{
  "get booking by id" : {
    "transaction" : "get booking by id",
    "sampleCount" : 100,
    "errorCount" : 0,
    "errorPct" : 0.0,
    "meanResTime" : 313.78,
    "medianResTime" : 310.0,
    "minResTime" : 281.0,
    "maxResTime" : 427.0,
    "pct1ResTime" : 341.8,
    "pct2ResTime" : 358.95,
    "pct3ResTime" : 426.71999999999986,
    "throughput" : 10.705491917353601,
    "receivedKBytesPerSec" : 9.637870008564395,
    "sentKBytesPerSec" : 2.090916390108126
  },
  "partialUpdateBooking " : {
    "transaction" : "partialUpdateBooking ",
    "sampleCount" : 100,
    "errorCount" : 0,
    "errorPct" : 0.0,
    "meanResTime" : 312.11000000000007,
    "medianResTime" : 309.0,
    "minResTime" : 283.0,
    "maxResTime" : 400.0,
    "pct1ResTime" : 334.9,
    "pct2ResTime" : 348.84999999999997,
    "pct3ResTime" : 399.5899999999998,
    "throughput" : 10.682619378271552,
    "receivedKBytesPerSec" : 9.61811304881957,
    "sentKBytesPerSec" : 3.24442834633052
  },
  "create booking" : {
    "transaction" : "create booking",
    "sampleCount" : 100,
    "errorCount" : 0,
    "errorPct" : 0.0,
    "meanResTime" : 310.4,
    "medianResTime" : 305.5,
    "minResTime" : 283.0,
    "maxResTime" : 381.0,
    "pct1ResTime" : 339.70000000000005,
    "pct2ResTime" : 350.84999999999997,
    "pct3ResTime" : 380.81999999999994,
    "throughput" : 10.707784559374666,
    "receivedKBytesPerSec" : 9.939417362672662,
    "sentKBytesPerSec" : 4.883335341042938
  },
  "Total" : {
    "transaction" : "Total",
    "sampleCount" : 700,
    "errorCount" : 0,
    "errorPct" : 0.0,
    "meanResTime" : 585.4071428571424,
    "medianResTime" : 317.0,
    "minResTime" : 281.0,
    "maxResTime" : 4431.0,
    "pct1ResTime" : 1266.2999999999997,
    "pct2ResTime" : 1694.3999999999842,
    "pct3ResTime" : 4328.650000000001,
    "throughput" : 50.998105784642284,
    "receivedKBytesPerSec" : 365.06767778759286,
    "sentKBytesPerSec" : 15.083145126038175
  },
  "update booking by put" : {
    "transaction" : "update booking by put",
    "sampleCount" : 100,
    "errorCount" : 0,
    "errorPct" : 0.0,
    "meanResTime" : 314.68999999999994,
    "medianResTime" : 309.0,
    "minResTime" : 281.0,
    "maxResTime" : 387.0,
    "pct1ResTime" : 344.5,
    "pct2ResTime" : 352.0,
    "pct3ResTime" : 386.7499999999999,
    "throughput" : 10.715816545220747,
    "receivedKBytesPerSec" : 9.644653477282468,
    "sentKBytesPerSec" : 5.253261626660951
  },
  "deleteBooking " : {
    "transaction" : "deleteBooking ",
    "sampleCount" : 100,
    "errorCount" : 0,
    "errorPct" : 0.0,
    "meanResTime" : 314.37,
    "medianResTime" : 305.0,
    "minResTime" : 282.0,
    "maxResTime" : 844.0,
    "pct1ResTime" : 337.9,
    "pct2ResTime" : 347.95,
    "pct3ResTime" : 839.4699999999978,
    "throughput" : 10.684902233144568,
    "receivedKBytesPerSec" : 7.88428918687894,
    "sentKBytesPerSec" : 2.639922133774976
  },
  "getBooking" : {
    "transaction" : "getBooking",
    "sampleCount" : 100,
    "errorCount" : 0,
    "errorPct" : 0.0,
    "meanResTime" : 690.8,
    "medianResTime" : 631.0,
    "minResTime" : 577.0,
    "maxResTime" : 1706.0,
    "pct1ResTime" : 898.5000000000001,
    "pct2ResTime" : 1243.55,
    "pct3ResTime" : 1701.4799999999977,
    "throughput" : 10.343400910219279,
    "receivedKBytesPerSec" : 465.27738496198805,
    "sentKBytesPerSec" : 1.3838339108398843
  },
  "login" : {
    "transaction" : "login",
    "sampleCount" : 100,
    "errorCount" : 0,
    "errorPct" : 0.0,
    "meanResTime" : 1841.7000000000003,
    "medianResTime" : 1307.0,
    "minResTime" : 1163.0,
    "maxResTime" : 4431.0,
    "pct1ResTime" : 4075.000000000008,
    "pct2ResTime" : 4332.0,
    "pct3ResTime" : 4430.91,
    "throughput" : 8.83158173628897,
    "receivedKBytesPerSec" : 6.706482380994436,
    "sentKBytesPerSec" : 2.156147884836174
  }
}